seed,theme,family_size,term,best_rank,months_present,months_on_list,has_gift,has_marker,is_category,is_bare_scenario
awareness,疾病康复,56,breast cancer awareness accessories,1589,12,2025-01;2025-02;2025-03;2025-04;2025-05;2025-06;2025-07;2025-08;2025-09;2025-10;2025-11;2025-12,False,False,False,True
awareness,疾病康复,56,breast cancer awareness shirt,2297,3,2025-08;2025-09;2025-10,False,False,False,True
awareness,疾病康复,56,autism awareness shirt,2443,6,2025-02;2025-03;2025-04;2025-05;2025-06;2025-09,False,False,False,True
awareness,疾病康复,56,breast cancer awareness,11833,3,2025-08;2025-09;2025-10,False,False,False,True
awareness,疾病康复,56,breast cancer awareness decorations,14106,2,2025-09;2025-10,False,False,False,True
awareness,疾病康复,56,mental health awareness shirt,15841,2,2025-04;2025-05,False,False,False,True
awareness,疾病康复,56,down syndrome awareness shirts,20710,2,2025-03;2025-10,False,False,False,True
awareness,疾病康复,56,autism awareness,22145,3,2025-02;2025-03;2025-04,False,False,False,True
awareness,疾病康复,56,mental health awareness items,22197,3,2025-03;2025-04;2025-05,False,False,False,True
awareness,疾病康复,56,suicide awareness shirt,22810,4,2025-03;2025-08;2025-09;2025-10,False,False,False,True
awareness,疾病康复,56,autism awareness stuff,35087,3,2025-03;2025-04;2025-05,False,False,False,True
awareness,疾病康复,56,breast cancer awareness socks,39754,2,2025-09;2025-10,False,False,False,True
awareness,疾病康复,56,childhood cancer awareness shirts,44587,1,2025-09,False,False,False,True
awareness,疾病康复,56,breast cancer awareness pins,47803,2,2025-09;2025-10,False,False,False,True
awareness,疾病康复,56,breast cancer awareness bracelets,48065,2,2025-09;2025-10,False,False,True,False
awareness,疾病康复,56,awareness anthony de mello,52340,4,2025-05;2025-06;2025-07;2025-12,False,False,False,True
awareness,疾病康复,56,cancer awareness shirts,52666,2,2025-09;2025-10,False,False,False,True
awareness,疾病康复,56,suicide prevention awareness,56067,2,2025-08;2025-09,False,False,False,True
awareness,疾病康复,56,autism awareness shirt kids,59576,2,2025-03;2025-04,False,False,False,True
awareness,疾病康复,56,breast cancer awareness shirt men,70910,1,2025-10,False,False,False,True
awareness,疾病康复,56,breast cancer awareness sweatshirt,74157,2,2025-09;2025-10,False,False,False,True
awareness,疾病康复,56,awareness,74379,6,2025-06;2025-08;2025-09;2025-10;2025-11;2025-12,False,False,False,True
awareness,疾病康复,56,cancer awareness items,76604,2,2025-09;2025-10,False,False,False,True
awareness,疾病康复,56,domestic violence awareness shirt,76604,1,2025-10,False,False,False,True
awareness,疾病康复,56,mens breast cancer awareness shirt,85334,1,2025-10,False,False,False,True
awareness,疾病康复,56,breast cancer awareness shirts,88472,2,2025-09;2025-10,False,False,False,True
awareness,疾病康复,56,suicide prevention awareness shirt,90576,1,2025-09,False,False,False,True
awareness,疾病康复,56,domestic violence awareness items,94032,2,2025-09;2025-10,False,False,False,True
awareness,疾病康复,56,suicide awareness items,94423,1,2025-09,False,False,False,True
awareness,疾病康复,56,autism awareness bracelet,101917,2,2025-03;2025-04,False,False,True,False
awareness,疾病康复,56,alzheimers awareness shirts,109923,2,2025-09;2025-10,False,False,False,True
awareness,疾病康复,56,down syndrome awareness,110139,1,2025-03,False,False,False,True
awareness,疾病康复,56,mental health awareness,113455,2,2025-04;2025-05,False,False,False,True
awareness,疾病康复,56,breast cancer awareness stickers,114617,2,2025-09;2025-10,False,False,False,True
awareness,疾病康复,56,breast cancer awareness earrings,114842,1,2025-10,False,False,True,False
awareness,疾病康复,56,breast cancer awareness shirts for women,123437,1,2025-10,False,False,False,True
awareness,疾病康复,56,down syndrome awareness socks,130282,1,2025-03,False,False,False,True
awareness,疾病康复,56,suicide awareness,137605,4,2025-02;2025-03;2025-08;2025-09,False,False,False,True
awareness,疾病康复,56,boys breast cancer awareness shirts,140361,1,2025-10,False,False,False,True
awareness,疾病康复,56,autism awareness shirt men,151355,2,2025-03;2025-04,False,False,False,True
awareness,疾病康复,56,autism awareness shirt women,156160,2,2025-03;2025-04,False,False,False,True
awareness,疾病康复,56,suicide awareness bracelets,156976,1,2025-09,False,False,True,False
awareness,疾病康复,56,breast cancer awareness banner,160215,1,2025-10,False,False,False,True
awareness,疾病康复,56,breast cancer awareness pin,163136,1,2025-10,False,False,False,True
awareness,疾病康复,56,breast cancer awareness t-shirts,167769,2,2025-09;2025-10,False,False,False,True
awareness,疾病康复,56,breast cancer awareness pens,169178,1,2025-10,False,False,False,True
awareness,疾病康复,56,colon cancer awareness shirts,169882,1,2025-03,False,False,False,True
awareness,疾病康复,56,childhood cancer awareness items,173011,1,2025-09,False,False,False,True
awareness,疾病康复,56,lupus awareness shirt,174342,1,2025-05,False,False,False,True
awareness,疾病康复,56,epilepsy awareness shirts,181121,1,2025-03,False,False,False,True
awareness,疾病康复,56,autism awareness decorations,183448,1,2025-03,False,False,False,True
awareness,疾病康复,56,overdose awareness shirt,183754,1,2025-08,False,False,False,True
awareness,疾病康复,56,cerebral palsy awareness shirt,184724,1,2025-03,False,False,False,True
awareness,疾病康复,56,ovarian cancer awareness products,187870,1,2025-09,False,False,False,True
awareness,疾病康复,56,pink ribbon breast cancer awareness,194815,1,2025-10,False,False,False,True
awareness,疾病康复,56,diabetes awareness shirt,195169,1,2025-11,False,False,False,True
prayer,信仰精神,53,prayer journal for woman,8336,12,2025-01;2025-02;2025-03;2025-04;2025-05;2025-06;2025-07;2025-08;2025-09;2025-10;2025-11;2025-12,False,False,False,True
prayer,信仰精神,53,prayer mat,15515,12,2025-01;2025-02;2025-03;2025-04;2025-05;2025-06;2025-07;2025-08;2025-09;2025-10;2025-11;2025-12,False,False,False,True
prayer,信仰精神,53,prayer journal,16597,12,2025-01;2025-02;2025-03;2025-04;2025-05;2025-06;2025-07;2025-08;2025-09;2025-10;2025-11;2025-12,False,False,False,True
prayer,信仰精神,53,prayer board supplies,31207,6,2025-01;2025-08;2025-09;2025-10;2025-11;2025-12,False,False,False,True
prayer,信仰精神,53,prayer board supplies for women,32157,3,2025-01;2025-02;2025-03,False,False,False,True
prayer,信仰精神,53,prayer board,38440,12,2025-01;2025-02;2025-03;2025-04;2025-05;2025-06;2025-07;2025-08;2025-09;2025-10;2025-11;2025-12,False,False,False,True
prayer,信仰精神,53,prayer rug,43158,12,2025-01;2025-02;2025-03;2025-04;2025-05;2025-06;2025-07;2025-08;2025-09;2025-10;2025-11;2025-12,False,False,False,True
prayer,信仰精神,53,prayer cards,58171,12,2025-01;2025-02;2025-03;2025-04;2025-05;2025-06;2025-07;2025-08;2025-09;2025-10;2025-11;2025-12,False,False,False,True
prayer,信仰精神,53,get lost in prayer before you start overthinking,61203,1,2025-03,False,False,False,True
prayer,信仰精神,53,catholic prayer book,62561,12,2025-01;2025-02;2025-03;2025-04;2025-05;2025-06;2025-07;2025-08;2025-09;2025-10;2025-11;2025-12,False,False,False,True
prayer,信仰精神,53,covered and armed prayer book,64999,3,2025-08;2025-09;2025-10,False,False,False,True
prayer,信仰精神,53,prayer bowl,65232,2,2025-11;2025-12,False,False,False,True
prayer,信仰精神,53,a carpenters prayer,67600,2,2025-03;2025-04,False,False,False,True
prayer,信仰精神,53,anointing oil for prayer,75052,12,2025-01;2025-02;2025-03;2025-04;2025-05;2025-06;2025-07;2025-08;2025-09;2025-10;2025-11;2025-12,False,False,False,True
prayer,信仰精神,53,prayer book,76271,12,2025-01;2025-02;2025-03;2025-04;2025-05;2025-06;2025-07;2025-08;2025-09;2025-10;2025-11;2025-12,False,False,False,True
prayer,信仰精神,53,muslim prayer rug,76945,2,2025-02;2025-03,False,False,False,True
prayer,信仰精神,53,prayer journal for men,77552,9,2025-01;2025-02;2025-03;2025-04;2025-08;2025-09;2025-10;2025-11;2025-12,False,False,False,True
prayer,信仰精神,53,prayer shawl,78213,9,2025-01;2025-02;2025-03;2025-04;2025-08;2025-09;2025-10;2025-11;2025-12,False,False,False,True
prayer,信仰精神,53,prayer quilt with cross inside,81469,10,2025-01;2025-02;2025-03;2025-04;2025-05;2025-06;2025-07;2025-08;2025-09;2025-12,False,False,False,True
prayer,信仰精神,53,on a wing and a prayer movie,85338,9,2025-01;2025-02;2025-03;2025-04;2025-05;2025-06;2025-07;2025-08;2025-09,False,False,False,True
prayer,信仰精神,53,rosary in a year prayer guide ascension press,85883,2,2025-01;2025-02,False,False,False,True
prayer,信仰精神,53,a prayer for owen meany by john irving,87371,9,2025-01;2025-02;2025-03;2025-04;2025-05;2025-08;2025-09;2025-11;2025-12,False,False,False,True
prayer,信仰精神,53,prayer jar,97105,3,2025-01;2025-04;2025-12,False,False,False,True
prayer,信仰精神,53,athan clock for prayer with sound,100284,3,2025-01;2025-02;2025-03,False,False,False,True
prayer,信仰精神,53,orthodox prayer book,103482,12,2025-01;2025-02;2025-03;2025-04;2025-05;2025-06;2025-07;2025-08;2025-09;2025-10;2025-11;2025-12,False,False,False,True
prayer,信仰精神,53,book of common prayer,106557,12,2025-01;2025-02;2025-03;2025-04;2025-05;2025-06;2025-07;2025-08;2025-09;2025-10;2025-11;2025-12,False,False,False,True
prayer,信仰精神,53,prayer box,107307,12,2025-01;2025-02;2025-03;2025-04;2025-05;2025-06;2025-07;2025-08;2025-09;2025-10;2025-11;2025-12,False,False,False,True
prayer,信仰精神,53,prayer journal for teen girls,110175,1,2025-12,False,False,False,True
prayer,信仰精神,53,prayer plant,110550,6,2025-03;2025-04;2025-05;2025-06;2025-07;2025-09,False,False,False,True
prayer,信仰精神,53,prayer journal for women,116609,3,2025-01;2025-09;2025-12,False,False,False,True
prayer,信仰精神,53,prayer quilt,117488,3,2025-09;2025-11;2025-12,False,False,False,True
prayer,信仰精神,53,a very merry christmas prayer,118172,2,2025-10;2025-11,False,False,False,True
prayer,信仰精神,53,prayer,128257,9,2025-01;2025-02;2025-03;2025-04;2025-05;2025-08;2025-09;2025-10;2025-12,False,False,False,True
prayer,信仰精神,53,red prayer book,129947,1,2025-03,False,False,False,True
prayer,信仰精神,53,prayer shawls for women,132232,7,2025-01;2025-02;2025-03;2025-04;2025-05;2025-06;2025-07,False,False,False,True
prayer,信仰精神,53,the hunter's prayer,132965,2,2025-04;2025-11,False,False,False,True
prayer,信仰精神,53,the prayer of freedom,133085,1,2025-12,False,False,False,True
prayer,信仰精神,53,prayer beads,136578,11,2025-01;2025-02;2025-03;2025-04;2025-05;2025-06;2025-07;2025-08;2025-09;2025-10;2025-12,False,False,False,True
prayer,信仰精神,53,serenity prayer,138832,10,2025-01;2025-02;2025-03;2025-04;2025-05;2025-06;2025-07;2025-08;2025-09;2025-12,False,False,False,True
prayer,信仰精神,53,a prayer for owen meany,141801,1,2025-11,False,False,False,True
prayer,信仰精神,53,like a prayer,142257,2,2025-01;2025-02,False,False,False,True
prayer,信仰精神,53,prayer jar with scriptures for women,156943,1,2025-03,False,False,False,True
prayer,信仰精神,53,a little prayer,157149,1,2025-10,False,False,False,True
prayer,信仰精神,53,draw the circle the 40 day prayer challenge,159111,1,2025-01,False,False,False,True
prayer,信仰精神,53,the prayer of freedom beatty carmichael,167722,1,2025-12,False,False,False,True
prayer,信仰精神,53,breath as prayer,169357,2,2025-01;2025-12,False,False,False,True
prayer,信仰精神,53,serenity prayer wall art,179287,7,2025-01;2025-02;2025-03;2025-04;2025-05;2025-08;2025-09,False,False,False,True
prayer,信仰精神,53,orthodox prayer rope,180802,2,2025-09;2025-10,False,False,False,True
prayer,信仰精神,53,say a little prayer,181242,1,2025-03,False,False,False,True
prayer,信仰精神,53,prayer clothes for women islam,187001,1,2025-03,False,False,False,True
prayer,信仰精神,53,prayer plants live house plants,190346,2,2025-03;2025-04,False,False,False,True
prayer,信仰精神,53,prayer dress for women muslim,192476,1,2025-03,False,False,False,True
prayer,信仰精神,53,the prayer i share bracelet,197022,1,2025-12,False,False,True,False
ashes,纪念哀悼,49,urns for human ashes,10751,12,2025-01;2025-02;2025-03;2025-04;2025-05;2025-06;2025-07;2025-08;2025-09;2025-10;2025-11;2025-12,False,False,False,True
ashes,纪念哀悼,49,urn for ashes adult male,12945,12,2025-01;2025-02;2025-03;2025-04;2025-05;2025-06;2025-07;2025-08;2025-09;2025-10;2025-11;2025-12,False,False,False,True
ashes,纪念哀悼,49,urn for ashes for women,16332,12,2025-01;2025-02;2025-03;2025-04;2025-05;2025-06;2025-07;2025-08;2025-09;2025-10;2025-11;2025-12,False,False,False,True
ashes,纪念哀悼,49,king of ashes,18419,8,2025-05;2025-06;2025-07;2025-08;2025-09;2025-10;2025-11;2025-12,False,False,False,True
ashes,纪念哀悼,49,urn necklaces for ashes,19290,12,2025-01;2025-02;2025-03;2025-04;2025-05;2025-06;2025-07;2025-08;2025-09;2025-10;2025-11;2025-12,False,False,True,False
ashes,纪念哀悼,49,crown of light and ashes,22371,6,2025-06;2025-07;2025-08;2025-10;2025-11;2025-12,False,False,False,True
ashes,纪念哀悼,49,urns for human ashes adult man,30274,12,2025-01;2025-02;2025-03;2025-04;2025-05;2025-06;2025-07;2025-08;2025-09;2025-10;2025-11;2025-12,False,False,False,True
ashes,纪念哀悼,49,cremation jewelry for ashes,32319,12,2025-01;2025-02;2025-03;2025-04;2025-05;2025-06;2025-07;2025-08;2025-09;2025-10;2025-11;2025-12,False,False,True,False
ashes,纪念哀悼,49,small urns for human ashes keepsake,41563,12,2025-01;2025-02;2025-03;2025-04;2025-05;2025-06;2025-07;2025-08;2025-09;2025-10;2025-11;2025-12,False,True,False,False
ashes,纪念哀悼,49,urns for human ashes adult female,42602,12,2025-01;2025-02;2025-03;2025-04;2025-05;2025-06;2025-07;2025-08;2025-09;2025-10;2025-11;2025-12,False,False,False,True
ashes,纪念哀悼,49,king of ashes s.a. cosby,49341,6,2025-05;2025-06;2025-07;2025-08;2025-11;2025-12,False,False,False,True
ashes,纪念哀悼,49,dog urns for ashes,55279,12,2025-01;2025-02;2025-03;2025-04;2025-05;2025-06;2025-07;2025-08;2025-09;2025-10;2025-11;2025-12,False,False,False,True
ashes,纪念哀悼,49,necklace for ashes,55688,12,2025-01;2025-02;2025-03;2025-04;2025-05;2025-06;2025-07;2025-08;2025-09;2025-10;2025-11;2025-12,False,False,True,False
ashes,纪念哀悼,49,an ember in the ashes,58084,12,2025-01;2025-02;2025-03;2025-04;2025-05;2025-06;2025-07;2025-08;2025-09;2025-10;2025-11;2025-12,False,False,False,True
ashes,纪念哀悼,49,legacy of ashes,58342,1,2025-07,False,False,False,True
ashes,纪念哀悼,49,ashes necklace for women,65567,12,2025-01;2025-02;2025-03;2025-04;2025-05;2025-06;2025-07;2025-08;2025-09;2025-10;2025-11;2025-12,False,False,True,False
ashes,纪念哀悼,49,cremation urns for human ashes,69573,11,2025-01;2025-02;2025-03;2025-04;2025-05;2025-06;2025-07;2025-08;2025-09;2025-10;2025-11,False,False,False,True
ashes,纪念哀悼,49,mini urns for human ashes,74743,12,2025-01;2025-02;2025-03;2025-04;2025-05;2025-06;2025-07;2025-08;2025-09;2025-10;2025-11;2025-12,False,False,False,True
ashes,纪念哀悼,49,small urns for human ashes,83792,12,2025-01;2025-02;2025-03;2025-04;2025-05;2025-06;2025-07;2025-08;2025-09;2025-10;2025-11;2025-12,False,False,False,True
ashes,纪念哀悼,49,the ashes and the star cursed king,87620,9,2025-01;2025-02;2025-03;2025-04;2025-05;2025-06;2025-07;2025-08;2025-09,False,False,False,True
ashes,纪念哀悼,49,ash necklace for human ashes,97960,11,2025-01;2025-02;2025-03;2025-04;2025-05;2025-06;2025-07;2025-08;2025-09;2025-10;2025-12,False,False,True,False
ashes,纪念哀悼,49,urns for ashes,99296,11,2025-01;2025-02;2025-03;2025-04;2025-05;2025-06;2025-07;2025-08;2025-09;2025-10;2025-11,False,False,False,True
ashes,纪念哀悼,49,urn for ashes,100974,12,2025-01;2025-02;2025-03;2025-04;2025-05;2025-06;2025-07;2025-08;2025-09;2025-10;2025-11;2025-12,False,False,False,True
ashes,纪念哀悼,49,ashes keepsake,106272,12,2025-01;2025-02;2025-03;2025-04;2025-05;2025-06;2025-07;2025-08;2025-09;2025-10;2025-11;2025-12,False,True,False,False
ashes,纪念哀悼,49,necklace for ashes of loved one,107897,10,2025-01;2025-02;2025-03;2025-04;2025-05;2025-06;2025-07;2025-08;2025-09;2025-10,False,False,True,False
ashes,纪念哀悼,49,cremation necklace for ashes,108776,7,2025-01;2025-02;2025-03;2025-04;2025-05;2025-06;2025-07,False,False,True,False
ashes,纪念哀悼,49,urn necklaces for ashes for women,112832,9,2025-01;2025-02;2025-03;2025-04;2025-05;2025-06;2025-07;2025-08;2025-09,False,False,True,False
ashes,纪念哀悼,49,ashes for ash wednesday,117057,1,2025-02,False,False,False,True
ashes,纪念哀悼,49,ashes necklace,125874,11,2025-01;2025-02;2025-03;2025-04;2025-05;2025-06;2025-07;2025-08;2025-09;2025-10;2025-12,False,False,True,False
ashes,纪念哀悼,49,ember in the ashes,129514,8,2025-01;2025-02;2025-03;2025-04;2025-05;2025-06;2025-07;2025-08,False,False,False,True
ashes,纪念哀悼,49,cat urns for ashes,140878,8,2025-01;2025-02;2025-03;2025-04;2025-05;2025-06;2025-07;2025-08,False,False,False,True
ashes,纪念哀悼,49,legacy of ashes the history of the cia,141603,1,2025-07,False,False,False,True
ashes,纪念哀悼,49,ashes and the star cursed king,141641,3,2025-01;2025-02;2025-03,False,False,False,True
ashes,纪念哀悼,49,urn for dog ashes,144334,11,2025-01;2025-02;2025-03;2025-04;2025-05;2025-06;2025-07;2025-08;2025-09;2025-10;2025-11,False,False,False,True
ashes,纪念哀悼,49,ashes of us,157823,1,2025-11,False,False,False,True
ashes,纪念哀悼,49,human urns for ashes,164342,1,2025-01,False,False,False,True
ashes,纪念哀悼,49,necklaces for ashes,166879,5,2025-02;2025-03;2025-04;2025-05;2025-06,False,False,True,False
ashes,纪念哀悼,49,keepsake urns for human ashes,169470,4,2025-02;2025-03;2025-04;2025-05,False,True,False,False
ashes,纪念哀悼,49,a necklace that hold ashes,171815,1,2025-01,False,False,True,False
ashes,纪念哀悼,49,king of ashes s a cosby,173721,1,2025-06,False,False,False,True
ashes,纪念哀悼,49,ashes of the imperium,175541,2,2025-11;2025-12,False,False,False,True
ashes,纪念哀悼,49,pet urns for dogs ashes,184296,1,2025-02,False,False,False,True
ashes,纪念哀悼,49,the ashes and the star cursed kimg,184661,3,2025-01;2025-02;2025-03,False,False,False,True
ashes,纪念哀悼,49,ashes in the snow,185223,1,2025-02,False,False,False,True
ashes,纪念哀悼,49,ashes of you,185819,1,2025-02,False,False,False,True
ashes,纪念哀悼,49,ashes,188498,1,2025-02,False,False,False,True
ashes,纪念哀悼,49,necklace urns for human ashes,191893,1,2025-02,False,False,True,False
ashes,纪念哀悼,49,angela's ashes,195868,1,2025-03,False,False,False,True
ashes,纪念哀悼,49,earns for ashes for adult humans,199616,1,2025-02,False,False,False,True
retirement,成就节点,46,retirement gift for woman,2593,12,2025-01;2025-02;2025-03;2025-04;2025-05;2025-06;2025-07;2025-08;2025-09;2025-10;2025-11;2025-12,True,False,False,False
retirement,成就节点,46,retirement gifts for men,5883,12,2025-01;2025-02;2025-03;2025-04;2025-05;2025-06;2025-07;2025-08;2025-09;2025-10;2025-11;2025-12,True,False,False,False
retirement,成就节点,46,retirement party decorations,6134,12,2025-01;2025-02;2025-03;2025-04;2025-05;2025-06;2025-07;2025-08;2025-09;2025-10;2025-11;2025-12,False,False,False,True
retirement,成就节点,46,retirement gifts for women,13652,12,2025-01;2025-02;2025-03;2025-04;2025-05;2025-06;2025-07;2025-08;2025-09;2025-10;2025-11;2025-12,True,False,False,False
retirement,成就节点,46,retirement card,18305,12,2025-01;2025-02;2025-03;2025-04;2025-05;2025-06;2025-07;2025-08;2025-09;2025-10;2025-11;2025-12,False,False,False,True
retirement,成就节点,46,retirement gifts,21488,12,2025-01;2025-02;2025-03;2025-04;2025-05;2025-06;2025-07;2025-08;2025-09;2025-10;2025-11;2025-12,True,False,False,False
retirement,成就节点,46,retirement decorations,25300,12,2025-01;2025-02;2025-03;2025-04;2025-05;2025-06;2025-07;2025-08;2025-09;2025-10;2025-11;2025-12,False,False,False,True
retirement,成就节点,46,teacher retirement gifts for women,35841,4,2025-03;2025-04;2025-05;2025-06,True,False,False,False
retirement,成就节点,46,happy retirement decorations,43324,12,2025-01;2025-02;2025-03;2025-04;2025-05;2025-06;2025-07;2025-08;2025-09;2025-10;2025-11;2025-12,False,False,False,True
retirement,成就节点,46,retirement gift,47374,12,2025-01;2025-02;2025-03;2025-04;2025-05;2025-06;2025-07;2025-08;2025-09;2025-10;2025-11;2025-12,True,False,False,False
retirement,成就节点,46,happy retirement banner,61923,12,2025-01;2025-02;2025-03;2025-04;2025-05;2025-06;2025-07;2025-08;2025-09;2025-10;2025-11;2025-12,False,False,False,True
retirement,成就节点,46,retirement banner,64199,12,2025-01;2025-02;2025-03;2025-04;2025-05;2025-06;2025-07;2025-08;2025-09;2025-10;2025-11;2025-12,False,False,False,True
retirement,成就节点,46,retirement card for woman,66149,12,2025-01;2025-02;2025-03;2025-04;2025-05;2025-06;2025-07;2025-08;2025-09;2025-10;2025-11;2025-12,False,False,False,True
retirement,成就节点,46,best retirement gifts for woman,69518,3,2025-01;2025-02;2025-03,True,False,False,False
retirement,成就节点,46,retirement,72687,12,2025-01;2025-02;2025-03;2025-04;2025-05;2025-06;2025-07;2025-08;2025-09;2025-10;2025-11;2025-12,False,False,False,True
retirement,成就节点,46,retirement gifts for women 2025,76108,8,2025-01;2025-02;2025-03;2025-04;2025-05;2025-06;2025-07;2025-08,True,False,False,False
retirement,成就节点,46,retirement gift for men,84812,2,2025-04;2025-05,True,False,False,False
retirement,成就节点,46,cool retirement gifts,86116,1,2025-04,True,False,False,False
retirement,成就节点,46,tax planning to and through early retirement,94676,2,2025-09;2025-10,False,False,False,True
retirement,成就节点,46,teacher retirement gifts,100139,1,2025-05,True,False,False,False
retirement,成就节点,46,retirement gift basket for women,107210,5,2025-04;2025-05;2025-06;2025-07;2025-08,True,False,False,False
retirement,成就节点,46,the retirement plan,110130,2,2025-05;2025-06,False,False,False,True
retirement,成就节点,46,retirement decorations for women,114973,5,2025-02;2025-03;2025-04;2025-05;2025-06,False,False,False,True
retirement,成就节点,46,retirement blanket,135018,2,2025-01;2025-02,False,False,False,True
retirement,成就节点,46,retirement cards,143013,2,2025-05;2025-06,False,False,False,True
retirement,成就节点,46,retirement napkins,144184,1,2025-05,False,False,False,True
retirement,成就节点,46,funny retirement gifts for women,145323,2,2025-04;2025-05,True,False,False,False
retirement,成就节点,46,funny retirement gifts for men,148129,6,2025-01;2025-02;2025-03;2025-04;2025-05;2025-06,True,False,False,False
retirement,成就节点,46,retirement cake topper,148497,2,2025-05;2025-06,False,False,False,True
retirement,成就节点,46,happy retirement,152873,3,2025-02;2025-04;2025-05,False,False,False,True
retirement,成就节点,46,best gifts for retirement,159064,1,2025-02,True,False,False,False
retirement,成就节点,46,2024 retirement gifts,159573,1,2025-01,True,False,False,False
retirement,成就节点,46,retirement candle,162105,1,2025-05,False,False,False,True
retirement,成就节点,46,retirement gift bag,162411,2,2025-05;2025-06,True,False,False,False
retirement,成就节点,46,retirement balloons,163898,2,2025-05;2025-06,False,False,False,True
retirement,成就节点,46,retirement gifts for men 2025,167059,1,2025-04,True,False,False,False
retirement,成就节点,46,retirement card for man,167297,2,2025-05;2025-06,False,False,False,True
retirement,成就节点,46,cool retirement gifts women,169597,1,2025-12,True,False,False,False
retirement,成就节点,46,retirement sash,170309,1,2025-05,False,False,False,True
retirement,成就节点,46,retirement cupcake toppers,172914,1,2025-05,False,False,False,True
retirement,成就节点,46,retirement shirts for women,173140,1,2025-05,False,False,False,True
retirement,成就节点,46,retirement gifts for women 2024,174621,1,2025-01,True,False,False,False
retirement,成就节点,46,retirement party decorations women,180980,2,2025-04;2025-05,False,False,False,True
retirement,成就节点,46,retirement plates and napkins sets,194228,1,2025-05,False,False,False,True
retirement,成就节点,46,retirement gift for teacher,197035,1,2025-05,True,False,False,False
retirement,成就节点,46,retirement party,198911,1,2025-05,False,False,False,True
faith,信仰精神,42,heartland on up faith and family,8868,12,2025-01;2025-02;2025-03;2025-04;2025-05;2025-06;2025-07;2025-08;2025-09;2025-10;2025-11;2025-12,False,False,False,True
faith,信仰精神,42,faith over fear hoodie,16186,12,2025-01;2025-02;2025-03;2025-04;2025-05;2025-06;2025-07;2025-08;2025-09;2025-10;2025-11;2025-12,False,False,False,True
faith,信仰精神,42,bad faith,18254,10,2025-01;2025-02;2025-03;2025-04;2025-05;2025-06;2025-07;2025-08;2025-09;2025-10,False,False,False,True
faith,信仰精神,42,killing faith,31350,3,2025-10;2025-11;2025-12,False,False,False,True
faith,信仰精神,42,faith based,32004,12,2025-01;2025-02;2025-03;2025-04;2025-05;2025-06;2025-07;2025-08;2025-09;2025-10;2025-11;2025-12,False,False,False,True
faith,信仰精神,42,faith over fear shirt,35269,12,2025-01;2025-02;2025-03;2025-04;2025-05;2025-06;2025-07;2025-08;2025-09;2025-10;2025-11;2025-12,False,False,False,True
faith,信仰精神,42,faith shirts for women,36864,11,2025-02;2025-03;2025-04;2025-05;2025-06;2025-07;2025-08;2025-09;2025-10;2025-11;2025-12,False,False,False,True
faith,信仰精神,42,faith based movies on prime,37702,3,2025-01;2025-02;2025-03,False,False,False,True
faith,信仰精神,42,keeping faith,38379,2,2025-09;2025-10,False,False,False,True
faith,信仰精神,42,finding faith,42782,3,2025-08;2025-09;2025-10,False,False,False,True
faith,信仰精神,42,faith,47401,12,2025-01;2025-02;2025-03;2025-04;2025-05;2025-06;2025-07;2025-08;2025-09;2025-10;2025-11;2025-12,False,False,False,True
faith,信仰精神,42,i dont have enough faith to be an atheist,58921,4,2025-09;2025-10;2025-11;2025-12,False,False,False,True
faith,信仰精神,42,christian gifts for women faith,72899,5,2025-01;2025-02;2025-03;2025-11;2025-12,True,False,False,False
faith,信仰精神,42,faith gifts for women,75759,2,2025-11;2025-12,True,False,False,False
faith,信仰精神,42,usa faith wear,81115,2,2025-11;2025-12,False,False,False,True
faith,信仰精神,42,faith over fear,87880,10,2025-01;2025-02;2025-03;2025-04;2025-07;2025-08;2025-09;2025-10;2025-11;2025-12,False,False,False,True
faith,信仰精神,42,up faith and family,90513,9,2025-01;2025-02;2025-03;2025-04;2025-05;2025-06;2025-07;2025-11;2025-12,False,False,False,True
faith,信仰精神,42,the case for faith,92877,1,2025-09,False,False,False,True
faith,信仰精神,42,vera or faith,93159,1,2025-07,False,False,False,True
faith,信仰精神,42,faith based easter gifts,94346,1,2025-04,True,False,False,False
faith,信仰精神,42,heartland on up faith and family channel,96391,3,2025-05;2025-06;2025-07,False,False,False,True
faith,信仰精神,42,faith over fear sweatshirt,97242,1,2025-01,False,False,False,True
faith,信仰精神,42,faith based gifts for women,99682,1,2025-12,True,False,False,False
faith,信仰精神,42,the dangers of a shallow faith,101714,1,2025-09,False,False,False,True
faith,信仰精神,42,faith based gifts,105732,1,2025-04,True,False,False,False
faith,信仰精神,42,faith of angels movie 2024,107954,3,2025-03;2025-05;2025-06,False,False,False,True
faith,信仰精神,42,a question of faith,109211,2,2025-01;2025-02,False,False,False,True
faith,信仰精神,42,walking by faith tripping constantly t shirt,112065,1,2025-06,False,False,False,True
faith,信仰精神,42,faith wardrobe,112709,1,2025-09,False,False,False,True
faith,信仰精神,42,faith sweatshirts for women,115015,4,2025-09;2025-10;2025-11;2025-12,False,False,False,True
faith,信仰精神,42,breaking4: faith kipyegon vs. the 4-minute mile,118473,1,2025-06,False,False,False,True
faith,信仰精神,42,a 30-day devotional for women: from fear & anxiety to faith and lasting peace in just 10 minutes a d,123180,1,2025-10,False,False,False,True
faith,信仰精神,42,blind faith,141056,1,2025-02,False,False,False,True
faith,信仰精神,42,faith shirts for men,144914,3,2025-06;2025-09;2025-12,False,False,False,True
faith,信仰精神,42,faith gifts,160856,1,2025-12,True,False,False,False
faith,信仰精神,42,faith over fear hoodie men,167216,1,2025-12,False,False,False,True
faith,信仰精神,42,faith in the flames,167884,1,2025-07,False,False,False,True
faith,信仰精神,42,faith kipyegon,176056,1,2025-06,False,False,False,True
faith,信仰精神,42,judge faith,182329,2,2025-03;2025-06,False,False,False,True
faith,信仰精神,42,faith stickers,186213,1,2025-09,False,False,False,True
faith,信仰精神,42,faith wardrobe for women,187993,1,2025-09,False,False,False,True
faith,信仰精神,42,faith linen sheets,194930,1,2025-11,False,False,False,True
saint,信仰精神,42,the saint,5311,12,2025-01;2025-02;2025-03;2025-04;2025-05;2025-06;2025-07;2025-08;2025-09;2025-10;2025-11;2025-12,False,False,False,True
saint,信仰精神,42,saint patricks day shirt,6800,2,2025-02;2025-03,False,False,False,True
saint,信仰精神,42,saint patricks day decorations,9460,3,2025-01;2025-02;2025-03,False,False,False,True
saint,信仰精神,42,saint patricks day accessories,14823,2,2025-02;2025-03,False,False,False,True
saint,信仰精神,42,saint patricks day outfit women,20189,2,2025-02;2025-03,False,False,False,True
saint,信仰精神,42,yves saint laurent cologne for men,21247,12,2025-01;2025-02;2025-03;2025-04;2025-05;2025-06;2025-07;2025-08;2025-09;2025-10;2025-11;2025-12,False,False,False,True
saint,信仰精神,42,yves saint laurent,27033,12,2025-01;2025-02;2025-03;2025-04;2025-05;2025-06;2025-07;2025-08;2025-09;2025-10;2025-11;2025-12,False,False,False,True
saint,信仰精神,42,the saint val kilmer,27463,1,2025-04,False,False,False,True
saint,信仰精神,42,saint patricks day shirt women,32386,2,2025-02;2025-03,False,False,False,True
saint,信仰精神,42,the saint penelope sky,39268,3,2025-03;2025-04;2025-05,False,False,False,True
saint,信仰精神,42,saint,40130,12,2025-01;2025-02;2025-03;2025-04;2025-05;2025-06;2025-07;2025-08;2025-09;2025-10;2025-11;2025-12,False,False,False,True
saint,信仰精神,42,saint patricks day,43306,2,2025-02;2025-03,False,False,False,True
saint,信仰精神,42,yves saint laurent perfume for women,50744,12,2025-01;2025-02;2025-03;2025-04;2025-05;2025-06;2025-07;2025-08;2025-09;2025-10;2025-11;2025-12,False,False,False,True
saint,信仰精神,42,saint maud,58828,10,2025-01;2025-02;2025-04;2025-05;2025-06;2025-07;2025-08;2025-09;2025-10;2025-11,False,False,False,True
saint,信仰精神,42,broken saint,68183,1,2025-01,False,False,False,True
saint,信仰精神,42,her saint harmony west,70061,1,2025-04,False,False,False,True
saint,信仰精神,42,saint costume kids,70910,1,2025-10,False,False,False,True
saint,信仰精神,42,her saint,85335,4,2025-01;2025-02;2025-03;2025-04,False,False,False,True
saint,信仰精神,42,myself yves saint laurent men,91827,7,2025-05;2025-07;2025-08;2025-09;2025-10;2025-11;2025-12,False,False,False,True
saint,信仰精神,42,saint patricks day shirt men,98224,1,2025-03,False,False,False,True
saint,信仰精神,42,saint patricks day hat,107658,1,2025-03,False,False,False,True
saint,信仰精神,42,how to be a saint,120402,1,2025-09,False,False,False,True
saint,信仰精神,42,saint germain bakery,121462,2,2025-01;2025-02,False,False,False,True
saint,信仰精神,42,saint seiya,129744,12,2025-01;2025-02;2025-03;2025-04;2025-05;2025-06;2025-07;2025-08;2025-09;2025-10;2025-11;2025-12,False,False,False,True
saint,信仰精神,42,saint joseph statue to sell home,138675,6,2025-04;2025-05;2025-06;2025-07;2025-08;2025-09,False,False,False,True
saint,信仰精神,42,yves saint laurent perfume for men,139316,2,2025-05;2025-06,False,False,False,True
saint,信仰精神,42,saint costume,140890,1,2025-10,False,False,False,True
saint,信仰精神,42,the captivating story of saint nicholas,147669,1,2025-12,False,False,False,True
saint,信仰精神,42,funny saint patricks day shirt,148375,1,2025-03,False,False,False,True
saint,信仰精神,42,saint cloud perfume,152309,1,2025-05,False,False,False,True
saint,信仰精神,42,saint michael pendant,153281,2,2025-09;2025-12,False,False,True,False
saint,信仰精神,42,la nuit de l'homme yves saint laurent,163630,10,2025-01;2025-02;2025-03;2025-04;2025-05;2025-08;2025-09;2025-10;2025-11;2025-12,False,False,False,True
saint,信仰精神,42,saint michael necklace for men,170213,2,2025-04;2025-05,False,False,True,False
saint,信仰精神,42,rina saint,172096,1,2025-09,False,False,False,True
saint,信仰精神,42,saint patricks day decor,184021,1,2025-02,False,False,False,True
saint,信仰精神,42,saint patricks day candy,184724,1,2025-03,False,False,False,True
saint,信仰精神,42,dirty sexy saint,191219,1,2025-03,False,False,False,True
saint,信仰精神,42,saint christopher necklace,194592,1,2025-12,False,False,True,False
saint,信仰精神,42,no saint,194943,1,2025-03,False,False,False,True
saint,信仰精神,42,mens saint patricks day shirt,197791,1,2025-03,False,False,False,True
saint,信仰精神,42,the saint dvd,198083,1,2025-04,False,False,False,True
saint,信仰精神,42,womens saint patricks day shirt,198626,1,2025-03,False,False,False,True
friendship,关系联结,37,friendship,2115,9,2025-02;2025-05;2025-06;2025-07;2025-08;2025-09;2025-10;2025-11;2025-12,False,False,False,True
friendship,关系联结,37,friendship gifts for women,5178,12,2025-01;2025-02;2025-03;2025-04;2025-05;2025-06;2025-07;2025-08;2025-09;2025-10;2025-11;2025-12,True,False,False,False
friendship,关系联结,37,friendship bracelet kit,6443,12,2025-01;2025-02;2025-03;2025-04;2025-05;2025-06;2025-07;2025-08;2025-09;2025-10;2025-11;2025-12,False,False,True,False
friendship,关系联结,37,friendship bracelets,8855,12,2025-01;2025-02;2025-03;2025-04;2025-05;2025-06;2025-07;2025-08;2025-09;2025-10;2025-11;2025-12,False,False,True,False
friendship,关系联结,37,friendship bracelet string,16076,12,2025-01;2025-02;2025-03;2025-04;2025-05;2025-06;2025-07;2025-08;2025-09;2025-10;2025-11;2025-12,False,False,True,False
friendship,关系联结,37,love and friendship,18101,7,2025-01;2025-02;2025-03;2025-04;2025-05;2025-06;2025-08,False,False,False,True
friendship,关系联结,37,birthday gifts for women friendship,25192,12,2025-01;2025-02;2025-03;2025-04;2025-05;2025-06;2025-07;2025-08;2025-09;2025-10;2025-11;2025-12,True,False,False,False
friendship,关系联结,37,friendship gifts,25525,12,2025-01;2025-02;2025-03;2025-04;2025-05;2025-06;2025-07;2025-08;2025-09;2025-10;2025-11;2025-12,True,False,False,False
friendship,关系联结,37,friendship necklace,34142,12,2025-01;2025-02;2025-03;2025-04;2025-05;2025-06;2025-07;2025-08;2025-09;2025-10;2025-11;2025-12,False,False,True,False
friendship,关系联结,37,friendship movie,52142,4,2025-06;2025-07;2025-08;2025-09,False,False,False,True
friendship,关系联结,37,friendship lamp,55570,4,2025-01;2025-08;2025-11;2025-12,False,False,False,True
friendship,关系联结,37,friendship bracelet beads,64806,11,2025-01;2025-02;2025-03;2025-04;2025-05;2025-06;2025-07;2025-08;2025-09;2025-10;2025-11,False,False,True,False
friendship,关系联结,37,friendship bracelet,70672,12,2025-01;2025-02;2025-03;2025-04;2025-05;2025-06;2025-07;2025-08;2025-09;2025-10;2025-11;2025-12,False,False,True,False
friendship,关系联结,37,my little pony:friendship is magic,73428,6,2025-01;2025-04;2025-05;2025-06;2025-07;2025-08,False,False,False,True
friendship,关系联结,37,friendship bracelet making kit,76331,7,2025-01;2025-02;2025-06;2025-07;2025-09;2025-11;2025-12,False,False,True,False
friendship,关系联结,37,taylor swift friendship bracelets,76707,2,2025-09;2025-10,False,False,True,False
friendship,关系联结,37,friendship ornaments for women friends,82711,2,2025-11;2025-12,False,False,False,True
friendship,关系联结,37,friendship gifts for women friends,87584,4,2025-01;2025-02;2025-11;2025-12,True,False,False,False
friendship,关系联结,37,the friendship bench,97156,1,2025-02,False,False,False,True
friendship,关系联结,37,long distance friendship gifts,97764,2,2025-02;2025-12,True,False,False,False
friendship,关系联结,37,friendship ornament,103791,1,2025-12,False,False,False,True
friendship,关系联结,37,friendship lamps,104794,2,2025-11;2025-12,False,False,False,True
friendship,关系联结,37,friendship necklace for 2,113371,10,2025-03;2025-04;2025-05;2025-06;2025-07;2025-08;2025-09;2025-10;2025-11;2025-12,False,False,True,False
friendship,关系联结,37,friendship bracelets bulk,114597,9,2025-01;2025-02;2025-04;2025-05;2025-06;2025-07;2025-08;2025-09;2025-10,False,False,True,False
friendship,关系联结,37,friendship blu ray,118035,1,2025-08,False,False,False,True
friendship,关系联结,37,friendship bracelets for women,123432,5,2025-01;2025-02;2025-03;2025-05;2025-12,False,False,True,False
friendship,关系联结,37,friendship lamps set of 2 long distance,133348,2,2025-11;2025-12,False,False,False,True
friendship,关系联结,37,friendship bracelet valentines kids,134534,2,2025-01;2025-02,False,False,True,False
friendship,关系联结,37,willow tree friendship figurines,138006,1,2025-12,False,False,False,True
friendship,关系联结,37,friendship ornaments,138745,1,2025-12,False,False,False,True
friendship,关系联结,37,luvlink friendship lamp,143284,1,2025-12,False,False,False,True
friendship,关系联结,37,friendship necklaces,164426,3,2025-01;2025-02;2025-05,False,False,True,False
friendship,关系联结,37,love and friendship movie,170115,1,2025-02,False,False,False,True
friendship,关系联结,37,friendship christmas ornaments,173182,1,2025-12,False,False,False,True
friendship,关系联结,37,love & friendship,173551,1,2025-02,False,False,False,True
friendship,关系联结,37,heart shaped sea glass friendship,189395,1,2025-09,False,False,False,True
friendship,关系联结,37,lego friends friendship camper van,196569,1,2025-11,False,False,False,True
divorce*,人生重启,32,divorced sister,363,7,2025-06;2025-07;2025-08;2025-09;2025-10;2025-11;2025-12,False,False,False,True
divorce*,人生重启,32,divorce in the black tyler perry,1469,12,2025-01;2025-02;2025-03;2025-04;2025-05;2025-06;2025-07;2025-08;2025-09;2025-10;2025-11;2025-12,False,False,False,True
divorce*,人生重启,32,the perfect divorce jeneva rose,2026,9,2025-01;2025-02;2025-03;2025-04;2025-05;2025-06;2025-07;2025-08;2025-09,False,False,False,True
divorce*,人生重启,32,the perfect divorce,3197,12,2025-01;2025-02;2025-03;2025-04;2025-05;2025-06;2025-07;2025-08;2025-09;2025-10;2025-11;2025-12,False,False,False,True
divorce*,人生重启,32,the divorce insurance,3445,6,2025-03;2025-04;2025-05;2025-06;2025-07;2025-08,False,False,False,True
divorce*,人生重启,32,divorced sistas tyler perry,15923,3,2025-06;2025-07;2025-08,False,False,False,True
divorce*,人生重启,32,tyler perry's divorce in the black,16681,12,2025-01;2025-02;2025-03;2025-04;2025-05;2025-06;2025-07;2025-08;2025-09;2025-10;2025-11;2025-12,False,False,False,True
divorce*,人生重启,32,divorced sistas,19636,3,2025-06;2025-07;2025-08,False,False,False,True
divorce*,人生重启,32,divorced,26662,3,2025-06;2025-07;2025-08,False,False,False,True
divorce*,人生重启,32,divorced sisters tyler perry,31342,3,2025-07;2025-08;2025-09,False,False,False,True
divorce*,人生重启,32,divorce sistas tyler perry,36080,2,2025-06;2025-07,False,False,False,True
divorce*,人生重启,32,divorce,38122,12,2025-01;2025-02;2025-03;2025-04;2025-05;2025-06;2025-07;2025-08;2025-09;2025-10;2025-11;2025-12,False,False,False,True
divorce*,人生重启,32,perfect divorce,50313,5,2025-04;2025-05;2025-06;2025-07;2025-08,False,False,False,True
divorce*,人生重启,32,divorced siestas,51539,2,2025-06;2025-07,False,False,False,True
divorce*,人生重启,32,divorce insurance,61903,2,2025-03;2025-04,False,False,False,True
divorce*,人生重启,32,the great divorce cs lewis,70877,12,2025-01;2025-02;2025-03;2025-04;2025-05;2025-06;2025-07;2025-08;2025-09;2025-10;2025-11;2025-12,False,False,False,True
divorce*,人生重启,32,divorce sistas,84843,2,2025-06;2025-07,False,False,False,True
divorce*,人生重启,32,divorced sisters,88301,2,2025-06;2025-07,False,False,False,True
divorce*,人生重启,32,divorce sisters,89240,3,2025-06;2025-07;2025-08,False,False,False,True
divorce*,人生重启,32,surviving an unwanted divorce,96098,1,2025-11,False,False,False,True
divorce*,人生重启,32,divorce insurance kdrama,104517,1,2025-04,False,False,False,True
divorce*,人生重启,32,divorce in black,110314,2,2025-02;2025-03,False,False,False,True
divorce*,人生重启,32,divorce in the black,112208,2,2025-02;2025-03,False,False,False,True
divorce*,人生重启,32,disrupting divorce book,135777,1,2025-10,False,False,False,True
divorce*,人生重启,32,the black divorce,143433,2,2025-02;2025-03,False,False,False,True
divorce*,人生重启,32,divorce gifts for women,143473,7,2025-01;2025-02;2025-03;2025-04;2025-05;2025-09;2025-12,True,False,False,False
divorce*,人生重启,32,divorce s,149126,1,2025-06,False,False,False,True
divorce*,人生重启,32,divorced s,150867,1,2025-06,False,False,False,True
divorce*,人生重启,32,the divorce he never saw coming,152504,1,2025-12,False,False,False,True
divorce*,人生重启,32,the great divorce,152991,2,2025-08;2025-09,False,False,False,True
divorce*,人生重启,32,divorce party decorations for women,163228,7,2025-02;2025-03;2025-04;2025-05;2025-06;2025-07;2025-08,False,False,False,True
divorce*,人生重启,32,divorce bait,197791,1,2025-03,False,False,False,True
firefighter,军警职业,30,firefighter costume women,6783,2,2025-09;2025-10,False,False,False,True
firefighter,军警职业,30,firefighter costume men,8710,2,2025-09;2025-10,False,False,False,True
firefighter,军警职业,30,firefighter costume for kids,9939,11,2025-01;2025-02;2025-03;2025-04;2025-05;2025-07;2025-08;2025-09;2025-10;2025-11;2025-12,False,False,False,True
firefighter,军警职业,30,firefighter hat,12949,2,2025-09;2025-10,False,False,False,True
firefighter,军警职业,30,firefighter costume,18193,2,2025-09;2025-10,False,False,False,True
firefighter,军警职业,30,firefighter gifts,19863,9,2025-04;2025-05;2025-06;2025-07;2025-08;2025-09;2025-10;2025-11;2025-12,True,False,False,False
firefighter,军警职业,30,toddler firefighter costume,26167,3,2025-08;2025-09;2025-10,False,False,False,True
firefighter,军警职业,30,firefighter pants,57908,1,2025-10,False,False,False,True
firefighter,军警职业,30,firefighter gifts for men,58691,4,2025-01;2025-02;2025-11;2025-12,True,False,False,False
firefighter,军警职业,30,sexy firefighter costumes for women,59905,1,2025-10,False,False,False,True
firefighter,军警职业,30,firefighter hat adult,60130,1,2025-10,False,False,False,True
firefighter,军警职业,30,mens firefighter costume,61694,1,2025-10,False,False,False,True
firefighter,军警职业,30,firefighter swipe tool,61987,2,2025-08;2025-09,False,False,False,True
firefighter,军警职业,30,firefighter tools,64298,12,2025-01;2025-02;2025-03;2025-04;2025-05;2025-06;2025-07;2025-08;2025-09;2025-10;2025-11;2025-12,False,False,False,True
firefighter,军警职业,30,firefighter,75687,12,2025-01;2025-02;2025-03;2025-04;2025-05;2025-06;2025-07;2025-08;2025-09;2025-10;2025-11;2025-12,False,False,False,True
firefighter,军警职业,30,firefighter accessories,82669,12,2025-01;2025-02;2025-03;2025-04;2025-05;2025-06;2025-07;2025-08;2025-09;2025-10;2025-11;2025-12,False,False,False,True
firefighter,军警职业,30,firefighter suspenders,84211,1,2025-10,False,False,False,True
firefighter,军警职业,30,womens firefighter costume,89240,1,2025-10,False,False,False,True
firefighter,军警职业,30,kids firefighter costume,90902,1,2025-10,False,False,False,True
firefighter,军警职业,30,firefighter helmet,100973,1,2025-10,False,False,False,True
firefighter,军警职业,30,firefighter costume adult,105627,1,2025-10,False,False,False,True
firefighter,军警职业,30,firefighter shirt,108885,1,2025-10,False,False,False,True
firefighter,军警职业,30,faking it with the firefighter,110658,1,2025-06,False,False,False,True
firefighter,军警职业,30,firefighter costume accessories,128978,1,2025-10,False,False,False,True
firefighter,军警职业,30,adult firefighter costume,131250,1,2025-10,False,False,False,True
firefighter,军警职业,30,wildland firefighter gear,152837,1,2025-03,False,False,False,True
firefighter,军警职业,30,firefighter ornament,178785,1,2025-12,False,False,False,True
firefighter,军警职业,30,firefighter jacket,180408,1,2025-10,False,False,False,True
firefighter,军警职业,30,boys firefighter costume,192992,1,2025-10,False,False,False,True
firefighter,军警职业,30,firefighter helmet light,196972,1,2025-02,False,False,False,True
baptism,身份仪式,19,baptism gifts for girl,14704,12,2025-01;2025-02;2025-03;2025-04;2025-05;2025-06;2025-07;2025-08;2025-09;2025-10;2025-11;2025-12,True,False,False,False
baptism,身份仪式,19,baptism gifts for boys,19412,12,2025-01;2025-02;2025-03;2025-04;2025-05;2025-06;2025-07;2025-08;2025-09;2025-10;2025-11;2025-12,True,False,False,False
baptism,身份仪式,19,baptism decorations,30732,12,2025-01;2025-02;2025-03;2025-04;2025-05;2025-06;2025-07;2025-08;2025-09;2025-10;2025-11;2025-12,False,False,False,True
baptism,身份仪式,19,baptism outfits for boys,54554,12,2025-01;2025-02;2025-03;2025-04;2025-05;2025-06;2025-07;2025-08;2025-09;2025-10;2025-11;2025-12,False,False,False,True
baptism,身份仪式,19,baptism dresses for baby girls,55412,12,2025-01;2025-02;2025-03;2025-04;2025-05;2025-06;2025-07;2025-08;2025-09;2025-10;2025-11;2025-12,False,False,False,True
baptism,身份仪式,19,baptism gifts,70861,11,2025-01;2025-02;2025-03;2025-04;2025-05;2025-06;2025-07;2025-08;2025-09;2025-10;2025-11,True,False,False,False
baptism,身份仪式,19,baptism gifts for women,73208,6,2025-04;2025-05;2025-08;2025-09;2025-10;2025-11,True,False,False,False
baptism,身份仪式,19,baptism favors,73463,11,2025-01;2025-02;2025-03;2025-04;2025-05;2025-06;2025-07;2025-08;2025-09;2025-10;2025-11,False,False,False,True
baptism,身份仪式,19,baptism dress for women,81164,10,2025-01;2025-02;2025-03;2025-04;2025-05;2025-06;2025-07;2025-08;2025-09;2025-10,False,False,False,True
baptism,身份仪式,19,baptism card,95994,11,2025-01;2025-02;2025-03;2025-04;2025-05;2025-06;2025-07;2025-08;2025-09;2025-10;2025-11,False,False,False,True
baptism,身份仪式,19,baby boy baptism outfit,106443,10,2025-01;2025-02;2025-03;2025-04;2025-05;2025-06;2025-07;2025-08;2025-09;2025-10,False,False,False,True
baptism,身份仪式,19,baptism candle,122279,2,2025-04;2025-05,False,False,False,True
baptism,身份仪式,19,bird baptism brine,152786,1,2025-11,False,False,False,True
baptism,身份仪式,19,baptism favors for guests,165835,3,2025-03;2025-04;2025-05,False,False,False,True
baptism,身份仪式,19,meat church bird baptism brine,167181,1,2025-11,False,False,False,True
baptism,身份仪式,19,boy baptism outfit,176517,8,2025-01;2025-03;2025-04;2025-05;2025-06;2025-07;2025-08;2025-09,False,False,False,True
baptism,身份仪式,19,baptism gift,179765,3,2025-04;2025-05;2025-09,True,False,False,False
baptism,身份仪式,19,baptism,186405,1,2025-04,False,False,False,True
baptism,身份仪式,19,baptism cake topper,186820,4,2025-04;2025-05;2025-06;2025-09,False,False,False,True
survivor,疾病康复,19,survivor,404,12,2025-01;2025-02;2025-03;2025-04;2025-05;2025-06;2025-07;2025-08;2025-09;2025-10;2025-11;2025-12,False,True,False,False
survivor,疾病康复,19,lone survivor,7197,12,2025-01;2025-02;2025-03;2025-04;2025-05;2025-06;2025-07;2025-08;2025-09;2025-10;2025-11;2025-12,False,True,False,False
survivor,疾病康复,19,survivor card game,12638,8,2025-01;2025-02;2025-03;2025-04;2025-05;2025-06;2025-07;2025-12,False,True,False,False
survivor,疾病康复,19,survivor 49,26126,4,2025-09;2025-10;2025-11;2025-12,False,True,False,False
survivor,疾病康复,19,designated survivor,28122,11,2025-01;2025-02;2025-03;2025-04;2025-05;2025-06;2025-07;2025-08;2025-09;2025-10;2025-11,False,True,False,False
survivor,疾病康复,19,survivor game,31677,9,2025-01;2025-02;2025-03;2025-04;2025-05;2025-06;2025-08;2025-11;2025-12,False,True,False,False
survivor,疾病康复,19,survivor 48,45719,3,2025-03;2025-04;2025-05,False,True,False,False
survivor,疾病康复,19,survivor buff,60931,10,2025-02;2025-03;2025-04;2025-05;2025-06;2025-07;2025-09;2025-10;2025-11;2025-12,False,True,False,False
survivor,疾病康复,19,survivor board game,66164,6,2025-01;2025-03;2025-04;2025-05;2025-11;2025-12,False,True,False,False
survivor,疾病康复,19,breast cancer survivor shirt,94191,2,2025-09;2025-10,False,True,False,False
survivor,疾病康复,19,breast cancer survivor gifts,104200,1,2025-10,True,True,False,False
survivor,疾病康复,19,the survivor wants to die at the end,108496,1,2025-05,False,True,False,False
survivor,疾病康复,19,survivor merch,109939,1,2025-12,False,True,False,False
survivor,疾病康复,19,breast cancer survivor shirts for women,114299,1,2025-10,False,True,False,False
survivor,疾病康复,19,teenage daughter survivor shirt,116314,1,2025-06,False,True,False,False
survivor,疾病康复,19,breast cancer survivor,144802,1,2025-10,False,True,False,False
survivor,疾病康复,19,jedi survivor ps5,172588,2,2025-01;2025-05,False,True,False,False
survivor,疾病康复,19,soul survivor,185636,1,2025-06,False,True,False,False
survivor,疾病康复,19,survivor hat,199567,1,2025-10,False,True,False,False
keepsake,纪念哀悼,18,keepsake box,22426,12,2025-01;2025-02;2025-03;2025-04;2025-05;2025-06;2025-07;2025-08;2025-09;2025-10;2025-11;2025-12,False,True,False,False
keepsake,纪念哀悼,18,baby book keepsake,24071,12,2025-01;2025-02;2025-03;2025-04;2025-05;2025-06;2025-07;2025-08;2025-09;2025-10;2025-11;2025-12,False,True,False,False
keepsake,纪念哀悼,18,small urns for human ashes keepsake,41563,12,2025-01;2025-02;2025-03;2025-04;2025-05;2025-06;2025-07;2025-08;2025-09;2025-10;2025-11;2025-12,False,True,False,False
keepsake,纪念哀悼,18,baby keepsake box,51718,12,2025-01;2025-02;2025-03;2025-04;2025-05;2025-06;2025-07;2025-08;2025-09;2025-10;2025-11;2025-12,False,True,False,False
keepsake,纪念哀悼,18,hallmark keepsake power cord,80992,2,2025-11;2025-12,False,True,False,False
keepsake,纪念哀悼,18,keepsake trunk,95932,12,2025-01;2025-02;2025-03;2025-04;2025-05;2025-06;2025-07;2025-08;2025-09;2025-10;2025-11;2025-12,False,True,False,False
keepsake,纪念哀悼,18,ashes keepsake,106272,12,2025-01;2025-02;2025-03;2025-04;2025-05;2025-06;2025-07;2025-08;2025-09;2025-10;2025-11;2025-12,False,True,False,False
keepsake,纪念哀悼,18,keepsake boxes with lids,113926,4,2025-01;2025-02;2025-03;2025-04,False,True,False,False
keepsake,纪念哀悼,18,polly pocket keepsake collection,118761,1,2025-03,False,True,False,False
keepsake,纪念哀悼,18,hallmark keepsake ornaments,136161,2,2025-11;2025-12,False,True,False,False
keepsake,纪念哀悼,18,hallmark keepsake ornaments 2025,147111,2,2025-11;2025-12,False,True,False,False
keepsake,纪念哀悼,18,wedding keepsake box,150321,8,2025-03;2025-04;2025-05;2025-06;2025-07;2025-08;2025-09;2025-10,False,True,False,False
keepsake,纪念哀悼,18,keepsake urn,158834,7,2025-01;2025-02;2025-03;2025-06;2025-07;2025-08;2025-09,False,True,False,False
keepsake,纪念哀悼,18,birthday book keepsake,161389,1,2025-12,False,True,False,False
keepsake,纪念哀悼,18,baby keepsake book,161625,8,2025-01;2025-02;2025-03;2025-04;2025-05;2025-07;2025-08;2025-09,False,True,False,False
keepsake,纪念哀悼,18,keepsake urns for human ashes,169470,4,2025-02;2025-03;2025-04;2025-05,False,True,False,False
keepsake,纪念哀悼,18,baby keepsake,186203,4,2025-01;2025-02;2025-09;2025-12,False,True,False,False
keepsake,纪念哀悼,18,pet fur keepsake,198411,1,2025-08,False,True,False,False
sympathy,纪念哀悼,18,sympathy cards,11301,12,2025-01;2025-02;2025-03;2025-04;2025-05;2025-06;2025-07;2025-08;2025-09;2025-10;2025-11;2025-12,False,False,False,True
sympathy,纪念哀悼,18,sympathy gifts for loss of loved one,12975,12,2025-01;2025-02;2025-03;2025-04;2025-05;2025-06;2025-07;2025-08;2025-09;2025-10;2025-11;2025-12,True,False,False,False
sympathy,纪念哀悼,18,sympathy gift baskets,23737,12,2025-01;2025-02;2025-03;2025-04;2025-05;2025-06;2025-07;2025-08;2025-09;2025-10;2025-11;2025-12,True,False,False,False
sympathy,纪念哀悼,18,sympathy cards with envelopes,32554,12,2025-01;2025-02;2025-03;2025-04;2025-05;2025-06;2025-07;2025-08;2025-09;2025-10;2025-11;2025-12,False,False,False,True
sympathy,纪念哀悼,18,sympathy gift,36283,12,2025-01;2025-02;2025-03;2025-04;2025-05;2025-06;2025-07;2025-08;2025-09;2025-10;2025-11;2025-12,True,False,False,False
sympathy,纪念哀悼,18,loss of dog sympathy gift,47564,12,2025-01;2025-02;2025-03;2025-04;2025-05;2025-06;2025-07;2025-08;2025-09;2025-10;2025-11;2025-12,True,False,False,False
sympathy,纪念哀悼,18,sympathy card,53338,12,2025-01;2025-02;2025-03;2025-04;2025-05;2025-06;2025-07;2025-08;2025-09;2025-10;2025-11;2025-12,False,False,False,True
sympathy,纪念哀悼,18,sympathy gifts,82132,12,2025-01;2025-02;2025-03;2025-04;2025-05;2025-06;2025-07;2025-08;2025-09;2025-10;2025-11;2025-12,True,False,False,False
sympathy,纪念哀悼,18,sympathy cards for loss of loved one,101809,11,2025-01;2025-02;2025-03;2025-04;2025-05;2025-06;2025-07;2025-08;2025-09;2025-10;2025-11,False,False,False,True
sympathy,纪念哀悼,18,pet loss sympathy gift,116336,12,2025-01;2025-02;2025-03;2025-04;2025-05;2025-06;2025-07;2025-08;2025-09;2025-10;2025-11;2025-12,True,False,False,False
sympathy,纪念哀悼,18,sympathy wind chimes,124593,9,2025-01;2025-02;2025-03;2025-04;2025-05;2025-06;2025-07;2025-08;2025-09,False,False,False,True
sympathy,纪念哀悼,18,loss of a mother sympathy gifts,134274,3,2025-01;2025-02;2025-05,True,False,False,False
sympathy,纪念哀悼,18,sympathy gifts for loss of mother,165744,5,2025-05;2025-06;2025-08;2025-09;2025-10,True,False,False,False
sympathy,纪念哀悼,18,loss of pet sympathy gift dog,167842,3,2025-02;2025-03;2025-04,True,False,False,False
sympathy,纪念哀悼,18,dog loss sympathy gift,185764,5,2025-02;2025-03;2025-04;2025-05;2025-08,True,False,False,False
sympathy,纪念哀悼,18,sympathy gifts for loss of mom,185819,1,2025-02,True,False,False,False
sympathy,纪念哀悼,18,loss of mother sympathy gifts,195238,1,2025-09,True,False,False,False
sympathy,纪念哀悼,18,sympathy flowers for delivery prime,197324,1,2025-02,False,False,False,True
police officer,军警职业,17,police officer costume for boys,9405,8,2025-01;2025-02;2025-03;2025-08;2025-09;2025-10;2025-11;2025-12,False,False,False,True
police officer,军警职业,17,police officer costume for girls,14975,2,2025-09;2025-10,False,False,False,True
police officer,军警职业,17,kids police officer costume,27651,6,2025-02;2025-03;2025-04;2025-08;2025-09;2025-10,False,False,False,True
police officer,军警职业,17,police officer costume,33386,2,2025-09;2025-10,False,False,False,True
police officer,军警职业,17,girls police officer costume,41644,2,2025-09;2025-10,False,False,False,True
police officer,军警职业,17,police officer costume women sexy,46114,1,2025-10,False,False,False,True
police officer,军警职业,17,toddler police officer costume,56403,2,2025-09;2025-10,False,False,False,True
police officer,军警职业,17,police officer gifts,73211,2,2025-11;2025-12,True,False,False,False
police officer,军警职业,17,police officer costume women,85639,1,2025-10,False,False,False,True
police officer,军警职业,17,police officer costume for women,88877,1,2025-10,False,False,False,True
police officer,军警职业,17,boys police officer costume,92843,1,2025-10,False,False,False,True
police officer,军警职业,17,sexy police officer costumes for women,95092,1,2025-10,False,False,False,True
police officer,军警职业,17,womens police officer costume outfit,145337,1,2025-10,False,False,False,True
police officer,军警职业,17,women police officer costume,153753,1,2025-10,False,False,False,True
police officer,军警职业,17,police officer costume for adults,181212,1,2025-10,False,False,False,True
police officer,军警职业,17,police officer,182736,1,2025-10,False,False,False,True
police officer,军警职业,17,police officer accessories,189694,1,2025-10,False,False,False,True
mental health,心理健康,16,mental health awareness shirt,15841,2,2025-04;2025-05,False,False,False,True
mental health,心理健康,16,mental health awareness items,22197,3,2025-03;2025-04;2025-05,False,False,False,True
mental health,心理健康,16,mental health journal,33926,12,2025-01;2025-02;2025-03;2025-04;2025-05;2025-06;2025-07;2025-08;2025-09;2025-10;2025-11;2025-12,False,False,False,True
mental health,心理健康,16,mental health stickers,45340,12,2025-01;2025-02;2025-03;2025-04;2025-05;2025-06;2025-07;2025-08;2025-09;2025-10;2025-11;2025-12,False,False,False,True
mental health,心理健康,16,gifts for mental health therapists,53511,1,2025-11,True,False,False,False
mental health,心理健康,16,mental health gifts,62912,11,2025-01;2025-02;2025-03;2025-04;2025-05;2025-06;2025-08;2025-09;2025-10;2025-11;2025-12,True,False,False,False
mental health,心理健康,16,mental health shirt,63358,9,2025-02;2025-03;2025-04;2025-05;2025-06;2025-07;2025-08;2025-09;2025-10,False,False,False,True
mental health,心理健康,16,mental health,88462,12,2025-01;2025-02;2025-03;2025-04;2025-05;2025-06;2025-07;2025-08;2025-09;2025-10;2025-11;2025-12,False,False,False,True
mental health,心理健康,16,mental health office decor,109225,3,2025-07;2025-08;2025-09,False,False,False,True
mental health,心理健康,16,mental health mood journal,110035,1,2025-12,False,False,False,True
mental health,心理健康,16,mental health awareness,113455,2,2025-04;2025-05,False,False,False,True
mental health,心理健康,16,mental health posters,115474,1,2025-08,False,False,False,True
mental health,心理健康,16,mental health books,148467,2,2025-01;2025-02,False,False,False,True
mental health,心理健康,16,mental health sweatshirt,155463,1,2025-01,False,False,False,True
mental health,心理健康,16,jesus and your mental health rebecca maxwell,164470,1,2025-08,False,False,False,True
mental health,心理健康,16,mental health matters hoodie,179549,1,2025-01,False,False,False,True
quincea*,身份仪式,16,quinceanera dresses,9451,12,2025-01;2025-02;2025-03;2025-04;2025-05;2025-06;2025-07;2025-08;2025-09;2025-10;2025-11;2025-12,False,False,False,True
quincea*,身份仪式,16,vestidos de 15 a?os quincea?era,15365,4,2025-01;2025-02;2025-03;2025-07,False,False,False,True
quincea*,身份仪式,16,vestidos de 15 años quinceañera,22824,8,2025-04;2025-05;2025-06;2025-08;2025-09;2025-10;2025-11;2025-12,False,False,False,True
quincea*,身份仪式,16,recuerdos para 15 a?os quincea?eras,59187,4,2025-01;2025-02;2025-03;2025-07,False,False,False,True
quincea*,身份仪式,16,vestido de 15 años quinceañera,66034,7,2025-04;2025-05;2025-06;2025-08;2025-09;2025-10;2025-11,False,False,False,True
quincea*,身份仪式,16,vestido de 15 a?os quincea?era,66139,4,2025-01;2025-02;2025-03;2025-07,False,False,False,True
quincea*,身份仪式,16,recuerdos para 15 años quinceañeras,69628,7,2025-04;2025-05;2025-06;2025-08;2025-09;2025-10;2025-11,False,False,False,True
quincea*,身份仪式,16,quinceanera decorations,72809,10,2025-01;2025-02;2025-03;2025-04;2025-05;2025-06;2025-07;2025-08;2025-09;2025-10,False,False,False,True
quincea*,身份仪式,16,quinceanera gifts,107615,9,2025-02;2025-03;2025-04;2025-05;2025-06;2025-07;2025-08;2025-09;2025-10,True,False,False,False
quincea*,身份仪式,16,quinceanera dresses for guest,128735,7,2025-03;2025-04;2025-05;2025-06;2025-07;2025-08;2025-09,False,False,False,True
quincea*,身份仪式,16,vestidos de quincea?era,138523,1,2025-01,False,False,False,True
quincea*,身份仪式,16,quinceanera crown,152631,3,2025-01;2025-02;2025-03,False,False,False,True
quincea*,身份仪式,16,quinceanera,158642,6,2025-01;2025-02;2025-03;2025-04;2025-06;2025-09,False,False,False,True
quincea*,身份仪式,16,quinceanera card,162007,4,2025-05;2025-06;2025-09;2025-10,False,False,False,True
quincea*,身份仪式,16,pink quinceanera dresses,177495,2,2025-01;2025-03,False,False,False,True
quincea*,身份仪式,16,dama dresses for quinceanera,188615,5,2025-01;2025-02;2025-03;2025-06;2025-07,False,False,False,True
graduate,成就节点,14,proud mom of a 2025 graduate shirt,40104,2,2025-04;2025-05,False,False,False,True
graduate,成就节点,14,the graduate,40519,11,2025-01;2025-02;2025-03;2025-04;2025-05;2025-06;2025-07;2025-08;2025-09;2025-10;2025-11,False,False,False,True
graduate,成就节点,14,will the pigeon graduate,46157,4,2025-03;2025-04;2025-05;2025-06,False,False,False,True
graduate,成就节点,14,congratulations graduate banner,51019,2,2025-05;2025-06,False,False,False,True
graduate,成就节点,14,advice for the graduate 2025,77950,3,2025-04;2025-05;2025-06,False,False,False,True
graduate,成就节点,14,graduate gifts,84589,1,2025-05,True,False,False,False
graduate,成就节点,14,graduate yard sign 2025,111545,1,2025-05,False,False,False,True
graduate,成就节点,14,proud dad of a 2025 graduate shirt,118136,1,2025-05,False,False,False,True
graduate,成就节点,14,will the pigeon graduate book,125681,1,2025-05,False,False,False,True
graduate,成就节点,14,proud sister of a 2025 graduate shirt,144686,1,2025-05,False,False,False,True
graduate,成就节点,14,proud aunt of a 2025 graduate shirt,160527,1,2025-05,False,False,False,True
graduate,成就节点,14,dress for mother of graduate,164640,1,2025-04,False,False,False,True
graduate,成就节点,14,proud grandma of a 2025 graduate shirt,173919,1,2025-05,False,False,False,True
graduate,成就节点,14,graduate gifts for her,183776,1,2025-05,True,False,False,False
long distance,关系联结,14,long distance touch bracelets,14341,12,2025-01;2025-02;2025-03;2025-04;2025-05;2025-06;2025-07;2025-08;2025-09;2025-10;2025-11;2025-12,False,False,True,False
long distance,关系联结,14,long distance relationship gifts,23565,12,2025-01;2025-02;2025-03;2025-04;2025-05;2025-06;2025-07;2025-08;2025-09;2025-10;2025-11;2025-12,True,False,False,False
long distance,关系联结,14,long distance robot,32727,7,2025-06;2025-07;2025-08;2025-09;2025-10;2025-11;2025-12,False,False,False,True
long distance,关系联结,14,long distance walkie talkies,52282,12,2025-01;2025-02;2025-03;2025-04;2025-05;2025-06;2025-07;2025-08;2025-09;2025-10;2025-11;2025-12,False,False,False,True
long distance,关系联结,14,long distance gifts,52361,12,2025-01;2025-02;2025-03;2025-04;2025-05;2025-06;2025-07;2025-08;2025-09;2025-10;2025-11;2025-12,True,False,False,False
long distance,关系联结,14,long distance vibrator,72320,9,2025-01;2025-02;2025-03;2025-04;2025-05;2025-06;2025-07;2025-08;2025-09,False,False,False,True
long distance,关系联结,14,long distance,83634,5,2025-01;2025-07;2025-08;2025-11;2025-12,False,False,False,True
long distance,关系联结,14,long distance friendship gifts,97764,2,2025-02;2025-12,True,False,False,False
long distance,关系联结,14,totwoo couple bracelet long distance,98081,8,2025-01;2025-02;2025-06;2025-07;2025-08;2025-09;2025-11;2025-12,False,False,True,False
long distance,关系联结,14,app controlled vibrator long distance,112099,2,2025-11;2025-12,False,False,False,True
long distance,关系联结,14,lovense bluetooth viboators women long distance,117781,5,2025-08;2025-09;2025-10;2025-11;2025-12,False,False,False,True
long distance,关系联结,14,friendship lamps set of 2 long distance,133348,2,2025-11;2025-12,False,False,False,True
long distance,关系联结,14,couples bracelets long distance,191344,2,2025-01;2025-12,False,False,True,False
long distance,关系联结,14,long distance bracelets,193608,1,2025-12,False,False,True,False
evil eye,信仰精神,13,evil eye bracelets,10872,12,2025-01;2025-02;2025-03;2025-04;2025-05;2025-06;2025-07;2025-08;2025-09;2025-10;2025-11;2025-12,False,False,True,False
evil eye,信仰精神,13,evil eye necklace,20053,12,2025-01;2025-02;2025-03;2025-04;2025-05;2025-06;2025-07;2025-08;2025-09;2025-10;2025-11;2025-12,False,False,True,False
evil eye,信仰精神,13,evil eye,33856,12,2025-01;2025-02;2025-03;2025-04;2025-05;2025-06;2025-07;2025-08;2025-09;2025-10;2025-11;2025-12,False,False,False,True
evil eye,信仰精神,13,evil eye ring,62853,12,2025-01;2025-02;2025-03;2025-04;2025-05;2025-06;2025-07;2025-08;2025-09;2025-10;2025-11;2025-12,False,False,True,False
evil eye,信仰精神,13,evil eye bracelet,67775,12,2025-01;2025-02;2025-03;2025-04;2025-05;2025-06;2025-07;2025-08;2025-09;2025-10;2025-11;2025-12,False,False,True,False
evil eye,信仰精神,13,evil eye decor,94595,12,2025-01;2025-02;2025-03;2025-04;2025-05;2025-06;2025-07;2025-08;2025-09;2025-10;2025-11;2025-12,False,False,False,True
evil eye,信仰精神,13,evil eye anklet,109857,4,2025-05;2025-06;2025-07;2025-08,False,False,True,False
evil eye,信仰精神,13,evil eye bracelet for women,119349,2,2025-01;2025-02,False,False,True,False
evil eye,信仰精神,13,evil eye keychain,120726,11,2025-01;2025-02;2025-03;2025-04;2025-05;2025-06;2025-07;2025-08;2025-09;2025-10;2025-12,False,False,False,True
evil eye,信仰精神,13,evil eye beads,123405,10,2025-01;2025-02;2025-03;2025-04;2025-05;2025-06;2025-07;2025-08;2025-09;2025-10,False,False,False,True
evil eye,信仰精神,13,evil eye earrings,138931,9,2025-01;2025-02;2025-03;2025-04;2025-05;2025-06;2025-07;2025-08;2025-09,False,False,True,False
evil eye,信仰精神,13,evil eye jewelry,159770,1,2025-12,False,False,True,False
evil eye,信仰精神,13,evil eye charm,180912,4,2025-05;2025-06;2025-07;2025-08,False,False,True,False
milestone,戒断康复,13,monthly baby milestone,29456,12,2025-01;2025-02;2025-03;2025-04;2025-05;2025-06;2025-07;2025-08;2025-09;2025-10;2025-11;2025-12,False,True,False,False
milestone,戒断康复,13,baby monthly milestone,43505,12,2025-01;2025-02;2025-03;2025-04;2025-05;2025-06;2025-07;2025-08;2025-09;2025-10;2025-11;2025-12,False,True,False,False
milestone,戒断康复,13,monthly milestone signs,47522,10,2025-03;2025-04;2025-05;2025-06;2025-07;2025-08;2025-09;2025-10;2025-11;2025-12,False,True,False,False
milestone,戒断康复,13,baby milestone signs,52702,12,2025-01;2025-02;2025-03;2025-04;2025-05;2025-06;2025-07;2025-08;2025-09;2025-10;2025-11;2025-12,False,True,False,False
milestone,戒断康复,13,baby milestone blanket,71097,12,2025-01;2025-02;2025-03;2025-04;2025-05;2025-06;2025-07;2025-08;2025-09;2025-10;2025-11;2025-12,False,True,False,False
milestone,戒断康复,13,milestone blanket for baby girl,72390,10,2025-01;2025-02;2025-03;2025-04;2025-05;2025-06;2025-07;2025-08;2025-09;2025-10,False,True,False,False
milestone,戒断康复,13,milestone blanket for baby boy,88001,9,2025-01;2025-02;2025-03;2025-04;2025-05;2025-06;2025-07;2025-08;2025-09,False,True,False,False
milestone,戒断康复,13,baby monthly milestone blanket,90699,12,2025-01;2025-02;2025-03;2025-04;2025-05;2025-06;2025-07;2025-08;2025-09;2025-10;2025-11;2025-12,False,True,False,False
milestone,戒断康复,13,milestone signs,104865,6,2025-07;2025-08;2025-09;2025-10;2025-11;2025-12,False,True,False,False
milestone,戒断康复,13,club de nuit milestone,112052,7,2025-02;2025-03;2025-04;2025-05;2025-06;2025-07;2025-08,False,True,False,False
milestone,戒断康复,13,milestone blanket,147287,5,2025-07;2025-09;2025-10;2025-11;2025-12,False,True,False,False
milestone,戒断康复,13,milestone wooden circles,159975,4,2025-01;2025-02;2025-03;2025-04,False,True,False,False
milestone,戒断康复,13,baby milestone,195900,1,2025-01,False,True,False,False
sweet 16,身份仪式,11,sweet 16 party decorations,9019,12,2025-01;2025-02;2025-03;2025-04;2025-05;2025-06;2025-07;2025-08;2025-09;2025-10;2025-11;2025-12,False,False,False,True
sweet 16,身份仪式,11,sweet 16 gifts for girls,22019,12,2025-01;2025-02;2025-03;2025-04;2025-05;2025-06;2025-07;2025-08;2025-09;2025-10;2025-11;2025-12,True,False,False,False
sweet 16,身份仪式,11,sweet 16,36699,12,2025-01;2025-02;2025-03;2025-04;2025-05;2025-06;2025-07;2025-08;2025-09;2025-10;2025-11;2025-12,False,False,False,True
sweet 16,身份仪式,11,sweet 16 cake topper,78636,12,2025-01;2025-02;2025-03;2025-04;2025-05;2025-06;2025-07;2025-08;2025-09;2025-10;2025-11;2025-12,False,False,False,True
sweet 16,身份仪式,11,sweet 16 dresses,81089,11,2025-01;2025-02;2025-03;2025-04;2025-05;2025-06;2025-07;2025-08;2025-09;2025-10;2025-11,False,False,False,True
sweet 16,身份仪式,11,sweet 16 decorations,81805,11,2025-01;2025-02;2025-03;2025-04;2025-05;2025-06;2025-07;2025-08;2025-09;2025-10;2025-11,False,False,False,True
sweet 16,身份仪式,11,sweet 16 sash,134274,9,2025-01;2025-02;2025-03;2025-04;2025-05;2025-06;2025-07;2025-08;2025-09,False,False,False,True
sweet 16,身份仪式,11,sweet 16 gifts,140422,2,2025-01;2025-09,True,False,False,False
sweet 16,身份仪式,11,sweet 16 party favors,165638,5,2025-01;2025-02;2025-03;2025-08;2025-09,False,False,False,True
sweet 16,身份仪式,11,sweet 16 dress,183907,2,2025-01;2025-04,False,False,False,True
sweet 16,身份仪式,11,my super sweet 16,186554,1,2025-04,False,False,False,True
promise ring*,承诺誓约,10,promise rings for her,7677,12,2025-01;2025-02;2025-03;2025-04;2025-05;2025-06;2025-07;2025-08;2025-09;2025-10;2025-11;2025-12,False,False,True,False
promise ring*,承诺誓约,10,promise ring,14243,12,2025-01;2025-02;2025-03;2025-04;2025-05;2025-06;2025-07;2025-08;2025-09;2025-10;2025-11;2025-12,False,False,True,False
promise ring*,承诺誓约,10,promise rings for couples,43702,12,2025-01;2025-02;2025-03;2025-04;2025-05;2025-06;2025-07;2025-08;2025-09;2025-10;2025-11;2025-12,False,False,True,False
promise ring*,承诺誓约,10,promise rings,44176,12,2025-01;2025-02;2025-03;2025-04;2025-05;2025-06;2025-07;2025-08;2025-09;2025-10;2025-11;2025-12,False,False,True,False
promise ring*,承诺誓约,10,promise rings for him,55114,12,2025-01;2025-02;2025-03;2025-04;2025-05;2025-06;2025-07;2025-08;2025-09;2025-10;2025-11;2025-12,False,False,True,False
promise ring*,承诺誓约,10,mens promise rings,136666,3,2025-01;2025-02;2025-12,False,False,True,False
promise ring*,承诺誓约,10,pandora promise ring,140138,1,2025-12,False,False,True,False
promise ring*,承诺誓约,10,women's promise rings,153677,4,2025-09;2025-10;2025-11;2025-12,False,False,True,False
promise ring*,承诺誓约,10,promise rings for women,154644,2,2025-01;2025-12,False,False,True,False
promise ring*,承诺誓约,10,gold promise ring,163509,3,2025-02;2025-07;2025-12,False,False,True,False
confirmation,身份仪式,9,confirmation gifts for teen girls,17357,7,2025-01;2025-02;2025-03;2025-04;2025-05;2025-06;2025-10,True,False,False,False
confirmation,身份仪式,9,confirmation gifts for teenage boys,29383,4,2025-02;2025-03;2025-04;2025-05,True,False,False,False
confirmation,身份仪式,9,confirmation decorations,55131,4,2025-02;2025-03;2025-04;2025-05,False,False,False,True
confirmation,身份仪式,9,confirmation gifts,58312,3,2025-03;2025-04;2025-05,True,False,False,False
confirmation,身份仪式,9,confirmation card,60610,3,2025-03;2025-04;2025-05,False,False,False,True
confirmation,身份仪式,9,confirmation dresses,81390,4,2025-01;2025-02;2025-03;2025-04,False,False,False,True
confirmation,身份仪式,9,confirmation gifts for boys,104225,3,2025-04;2025-05;2025-10,True,False,False,False
confirmation,身份仪式,9,confirmation dresses for teen girls,132524,2,2025-03;2025-04,False,False,False,True
confirmation,身份仪式,9,confirmation gifts for girls,163153,2,2025-04;2025-05,True,False,False,False
matching couple*,关系联结,9,matching couples pajamas,36110,5,2025-02;2025-09;2025-10;2025-11;2025-12,False,False,False,True
matching couple*,关系联结,9,matching couples stuff,46927,12,2025-01;2025-02;2025-03;2025-04;2025-05;2025-06;2025-07;2025-08;2025-09;2025-10;2025-11;2025-12,False,False,False,True
matching couple*,关系联结,9,matching couples swimsuits,58503,5,2025-03;2025-04;2025-05;2025-06;2025-07,False,False,False,True
matching couple*,关系联结,9,matching couples christmas pajamas,85841,2,2025-11;2025-12,False,False,False,True
matching couple*,关系联结,9,matching couple outfits,87141,7,2025-03;2025-04;2025-05;2025-06;2025-07;2025-08;2025-09,False,False,False,True
matching couple*,关系联结,9,matching couple costumes,93362,1,2025-10,False,False,False,True
matching couple*,关系联结,9,matching couple bracelets,107570,4,2025-01;2025-02;2025-04;2025-12,False,False,True,False
matching couple*,关系联结,9,matching couples underwear,189090,1,2025-02,False,False,False,True
matching couple*,关系联结,9,matching couple christmas pajamas,191712,2,2025-11;2025-12,False,False,False,True
mother daughter,关系联结,9,mother daughter bracelets,22969,12,2025-01;2025-02;2025-03;2025-04;2025-05;2025-06;2025-07;2025-08;2025-09;2025-10;2025-11;2025-12,False,False,True,False
mother daughter,关系联结,9,mother daughter matching dresses,34718,8,2025-02;2025-03;2025-04;2025-05;2025-06;2025-07;2025-08;2025-09,False,False,False,True
mother daughter,关系联结,9,mother daughter necklace,44671,12,2025-01;2025-02;2025-03;2025-04;2025-05;2025-06;2025-07;2025-08;2025-09;2025-10;2025-11;2025-12,False,False,True,False
mother daughter,关系联结,9,mother daughter gift,45384,5,2025-02;2025-04;2025-05;2025-11;2025-12,True,False,False,False
mother daughter,关系联结,9,mother daughter rings,67785,4,2025-01;2025-02;2025-11;2025-12,False,False,True,False
mother daughter,关系联结,9,mother daughter jewelry,86437,1,2025-12,False,False,True,False
mother daughter,关系联结,9,mother daughter journal,89569,7,2025-01;2025-02;2025-03;2025-04;2025-05;2025-11;2025-12,False,False,False,True
mother daughter,关系联结,9,mother daughter gifts,146416,1,2025-12,True,False,False,False
mother daughter,关系联结,9,mother daughter matching outfits,158654,4,2025-02;2025-03;2025-04;2025-05,False,False,False,True
cremation,纪念哀悼,6,cremation jewelry for ashes,32319,12,2025-01;2025-02;2025-03;2025-04;2025-05;2025-06;2025-07;2025-08;2025-09;2025-10;2025-11;2025-12,False,False,True,False
cremation,纪念哀悼,6,cremation urns for human ashes,69573,11,2025-01;2025-02;2025-03;2025-04;2025-05;2025-06;2025-07;2025-08;2025-09;2025-10;2025-11,False,False,False,True
cremation,纪念哀悼,6,cremation urns,70789,10,2025-03;2025-04;2025-05;2025-06;2025-07;2025-08;2025-09;2025-10;2025-11;2025-12,False,False,False,True
cremation,纪念哀悼,6,cremation necklace for ashes,108776,7,2025-01;2025-02;2025-03;2025-04;2025-05;2025-06;2025-07,False,False,True,False
cremation,纪念哀悼,6,cremation urn,143667,5,2025-01;2025-02;2025-03;2025-04;2025-05,False,False,False,True
cremation,纪念哀悼,6,cremation jewelry,152407,9,2025-01;2025-02;2025-03;2025-04;2025-05;2025-06;2025-07;2025-08;2025-09,False,False,True,False
purity,承诺誓约,6,purity coffee,12732,12,2025-01;2025-02;2025-03;2025-04;2025-05;2025-06;2025-07;2025-08;2025-09;2025-10;2025-11;2025-12,False,False,False,True
purity,承诺誓约,6,purity ring,74796,12,2025-01;2025-02;2025-03;2025-04;2025-05;2025-06;2025-07;2025-08;2025-09;2025-10;2025-11;2025-12,False,False,True,False
purity,承诺誓约,6,purity coffee beans,81769,2,2025-10;2025-12,False,False,False,True
purity,承诺誓约,6,purity face wash,102259,12,2025-01;2025-02;2025-03;2025-04;2025-05;2025-06;2025-07;2025-08;2025-09;2025-10;2025-11;2025-12,False,False,False,True
purity,承诺誓约,6,philosophy purity face wash,183701,1,2025-01,False,False,False,True
purity,承诺誓约,6,purity coffee ground,189745,1,2025-12,False,False,False,True
veteran,军警职业,5,gift for veteran,93738,1,2025-10,True,False,False,False
veteran,军警职业,5,vietnam veteran gifts,156502,1,2025-12,True,False,False,False
veteran,军警职业,5,veteran gifts,168619,1,2025-12,True,False,False,False
veteran,军警职业,5,veteran tribute glass,175858,2,2025-03;2025-04,False,True,False,False
veteran,军警职业,5,vietnam veteran hats for men,185515,1,2025-06,False,False,False,True
father son,关系联结,4,father son matching shirts,63790,2,2025-05;2025-06,False,False,False,True
father son,关系联结,4,father son matching swim trunks,119684,2,2025-05;2025-06,False,False,False,True
father son,关系联结,4,matching father son shirts,170849,1,2025-06,False,False,False,True
father son,关系联结,4,father son gifts,181071,1,2025-12,True,False,False,False
paramedic,军警职业,3,paramedic gifts,109427,1,2025-12,True,False,False,False
paramedic,军警职业,3,dont lose yourself salty paramedic,180764,1,2025-01,False,False,False,True
paramedic,军警职业,3,paramedic flashcards,188615,2,2025-03;2025-04,False,False,False,True
